VIDEO,VIEWS
Redmi K80 Review | Budget এর মধ্যে Boss Performance #redmik80 #xiaomi #ronsgadgetreview,109 views
iQ0O Neo 10 High Mid range এর শক্তিশালী খেলোয়াড়! First Impression ! #iqooneo10 #iqooneoseries,2.9K views
IQOO 13 Full Review. এটাই কি বিশ্বের সবথেকে পাওয়ারফুল ফোন? IQoo 13#iqoo13 #iqoo #Snapdragon8Elite,2.9K views
Vivo X200 Pro Mini Best compact phone | ছোট মরিচের ঝাল বেশি! #vivox200pro #vivox200series,3.6K views
Infinix Hot 50 Pro+ ২৩ হাজারে সবচেয়ে কম দামে সবচেয়ে স্লিম ফোন ?? #infinixhot50proplus #infinix,1K views
Tecno Spark 30 Pro TRANSFORMERS Prime EDITION: ২১ হাজারে এইটাই কি সেরা gaming Phone?,455 views
Techno Spark 30 Transformer Bumblebee Edition #TECNO #SPARK30 #TECNOxTransformers #TransformersOne,317 views
Samsung Galaxy S24 Fan Edition Bangla Review #samsung #smartphone #samsunggalaxy,567 views
Pixel 9 Pro XL after the hype || Pixel 9 Pro XL full review in Bangla #pixel9proxl #pixel9,1.6K views
Redmi Note 14 Pro Plus Unboxing & First Look,2.8K views
Iphone 14 Pro Max Vs Samsung S23 Ultra #iphone #iphone14promax #samsunggalaxy #samsungs23ultra,524 views
Samsung Galaxy S23 Ultra Review After One Month: A Complete SmartPhone?,557 views
Pixel 4 XL in 2022 (Bangla),5.4K views
Apple AirPods Pro 2 master Copy with ANC | from Sharabir. Com,2K views
Iphone 8 in 2022,1.6K views
Google Pixel 7 Pro - Bangla Review | গুগল পিক্সেল ৭ প্রো বাংলা রিভিউ / Real life experience / Vlog,16K views
Best Apple Watch Ultra clone || অ্যাপল ওয়াচ আল্ট্রা ক্লোন|| S8 Max 1 Review,5.5K views
Google Pixel 7 Review In Bangla,11K views
iPhone 14 Pro Max || Review in Bangla,1.7K views
Samsung Galaxy S21 FE review in Bangla,4.8K views
iPad Mini 6 2021 Full Review In Bangla,17K views
iPhone 13 Pro Max Three Months Later! Review in Bangla,730 views
Nokia 8V 5G UW Full review in Bangla,3.8K views
Xiaomi Pad 5 Unboxing & Mini Review!,456 views
Pixel 6 Review In Bangla,11K views
IMILAB W12 vs KW66,8.6K views
Realme GT Master Edition Unboxing and Full Review in Bangla,912 views
Samsung Galaxy Z Fold 3 Review in Bangla,3.1K views
